product_id,description,unit_price
P00001,Producto 1,13,04
P00002,Producto 2,20,19
P00003,Producto 3,60,2
P00004,Producto 4,55,19
P00005,Producto 5,71,87
P00006,Producto 6,36,54
P00007,Producto 7,84,18
P00008,Producto 8,61,12
P00009,Producto 9,37,31
P00010,Producto 10,12,06
P00011,Producto 11,64,29
P00012,Producto 12,55,92
P00013,Producto 13,48,33
P00014,Producto 14,20,8
P00015,Producto 15,2,76
P00016,Producto 16,54,76
P00017,Producto 17,75,48
P00018,Producto 18,50,98
P00019,Producto 19,28,2
P00020,Producto 20,2,51
P00021,Producto 21,41,19
P00022,Producto 22,14,19
P00023,Producto 23,33,36
P00024,Producto 24,69,41
P00025,Producto 25,62,74
P00026,Producto 26,4,96
P00027,Producto 27,58,27
P00028,Producto 28,55,9
P00029,Producto 29,93,98
P00030,Producto 30,81,67
P00031,Producto 31,28,69
P00032,Producto 32,33,3
P00033,Producto 33,3,22
P00034,Producto 34,32,16
P00035,Producto 35,26,49
P00036,Producto 36,53,18
P00037,Producto 37,40,07
P00038,Producto 38,14,48
P00039,Producto 39,67,45
P00040,Producto 40,83,72
P00041,Producto 41,12,32
P00042,Producto 42,59,03
P00043,Producto 43,35,24
P00044,Producto 44,46,84
P00045,Producto 45,85,5
P00046,Producto 46,61,1
P00047,Producto 47,77,77
P00048,Producto 48,78,02
P00049,Producto 49,10,85
P00050,Producto 50,26,9
P00051,Producto 51,76,19
P00052,Producto 52,35,63
P00053,Producto 53,91,99
P00054,Producto 54,75,7
P00055,Producto 55,29,88
P00056,Producto 56,98,85
P00057,Producto 57,86,83
P00058,Producto 58,90,79
P00059,Producto 59,92,45
P00060,Producto 60,67,91
P00061,Producto 61,78,27
P00062,Producto 62,29,28
P00063,Producto 63,67,13
P00064,Producto 64,55,64
P00065,Producto 65,83,37
P00066,Producto 66,31,99
P00067,Producto 67,53,7
P00068,Producto 68,17,17
P00069,Producto 69,94,31
P00070,Producto 70,49,58
P00071,Producto 71,15,68
P00072,Producto 72,62
P00073,Producto 73,83,54
P00074,Producto 74,44,48
P00075,Producto 75,90,19
P00076,Producto 76,82,17
P00077,Producto 77,78,95
P00078,Producto 78,86,52
P00079,Producto 79,83,91
P00080,Producto 80,2,64
P00081,Producto 81,27,19
P00082,Producto 82,80,26
P00083,Producto 83,46,05
P00084,Producto 84,68,08
P00085,Producto 85,6,48
P00086,Producto 86,93,06
P00087,Producto 87,41,3
P00088,Producto 88,27,53
P00089,Producto 89,3,28
P00090,Producto 90,27,64
P00091,Producto 91,66,36
P00092,Producto 92,49,28
P00093,Producto 93,22,03
P00094,Producto 94,99,54
P00095,Producto 95,6,45
P00096,Producto 96,83,04
P00097,Producto 97,91,89
P00098,Producto 98,79,6
P00099,Producto 99,63,47
P00100,Producto 100,54,51
P00101,Producto 101,8,4
P00102,Producto 102,61,6
P00103,Producto 103,83,7
P00104,Producto 104,61,28
P00105,Producto 105,12,22
P00106,Producto 106,15,19
P00107,Producto 107,52,09
P00108,Producto 108,48,51
P00109,Producto 109,85,5
P00110,Producto 110,47,72
P00111,Producto 111,20,9
P00112,Producto 112,1,3
P00113,Producto 113,7,89
P00114,Producto 114,90,8
P00115,Producto 115,41,71
P00116,Producto 116,98,02
P00117,Producto 117,83,23
P00118,Producto 118,99,05
P00119,Producto 119,50,16
P00120,Producto 120,90,31
P00121,Producto 121,90,69
P00122,Producto 122,27,17
P00123,Producto 123,14,89
P00124,Producto 124,67,67
P00125,Producto 125,83,22
P00126,Producto 126,66,4
P00127,Producto 127,40,97
P00128,Producto 128,84
P00129,Producto 129,39,03
P00130,Producto 130,8,15
P00131,Producto 131,90,27
P00132,Producto 132,99,35
P00133,Producto 133,24,05
P00134,Producto 134,30,4
P00135,Producto 135,94,24
P00136,Producto 136,65,59
P00137,Producto 137,96,55
P00138,Producto 138,84,77
P00139,Producto 139,56,86
P00140,Producto 140,91,3
P00141,Producto 141,41,98
P00142,Producto 142,92,8
P00143,Producto 143,42,02
P00144,Producto 144,55,56
P00145,Producto 145,7,74
P00146,Producto 146,66,05
P00147,Producto 147,42,4
P00148,Producto 148,31,23
P00149,Producto 149,58,82
P00150,Producto 150,8,44
P00151,Producto 151,99,81
P00152,Producto 152,92,84
P00153,Producto 153,30,44
P00154,Producto 154,73,15
P00155,Producto 155,63,82
P00156,Producto 156,81,23
P00157,Producto 157,47,71
P00158,Producto 158,17,03
P00159,Producto 159,78,06
P00160,Producto 160,45,82
P00161,Producto 161,74,22
P00162,Producto 162,68,08
P00163,Producto 163,10,48
P00164,Producto 164,78,35
P00165,Producto 165,57,44
P00166,Producto 166,21,55
P00167,Producto 167,77,25
P00168,Producto 168,77,49
P00169,Producto 169,96,56
P00170,Producto 170,76,12
P00171,Producto 171,2,47
P00172,Producto 172,98,46
P00173,Producto 173,43,2
P00174,Producto 174,58,86
P00175,Producto 175,49,34
P00176,Producto 176,97,89
P00177,Producto 177,85,15
P00178,Producto 178,59,33
P00179,Producto 179,60,93
P00180,Producto 180,18,16
P00181,Producto 181,25
P00182,Producto 182,10,74
P00183,Producto 183,26,18
P00184,Producto 184,31,59
P00185,Producto 185,8,35
P00186,Producto 186,97,43
P00187,Producto 187,69,91
P00188,Producto 188,50,9
P00189,Producto 189,66,58
P00190,Producto 190,14,01
P00191,Producto 191,18,88
P00192,Producto 192,80,52
P00193,Producto 193,7,71
P00194,Producto 194,12,04
P00195,Producto 195,18,07
P00196,Producto 196,73,89
P00197,Producto 197,83,32
P00198,Producto 198,63,67
P00199,Producto 199,98,12
P00200,Producto 200,86,19
P00201,Producto 201,88,8
P00202,Producto 202,64,91
P00203,Producto 203,34,66
P00204,Producto 204,82,7
P00205,Producto 205,6,97
P00206,Producto 206,2,34
P00207,Producto 207,50,64
P00208,Producto 208,71,58
P00209,Producto 209,24,82
P00210,Producto 210,65,93
P00211,Producto 211,96,08
P00212,Producto 212,88,38
P00213,Producto 213,56,1
P00214,Producto 214,60,89
P00215,Producto 215,21,82
P00216,Producto 216,64,48
P00217,Producto 217,42,9
P00218,Producto 218,78,89
P00219,Producto 219,71
P00220,Producto 220,60,01
P00221,Producto 221,51,64
P00222,Producto 222,27,35
P00223,Producto 223,11,91
P00224,Producto 224,83,55
P00225,Producto 225,58,24
P00226,Producto 226,21,95
P00227,Producto 227,91,75
P00228,Producto 228,32,16
P00229,Producto 229,41,79
P00230,Producto 230,75,44
P00231,Producto 231,15,58
P00232,Producto 232,22,48
P00233,Producto 233,61,22
P00234,Producto 234,74,74
P00235,Producto 235,29,36
P00236,Producto 236,60,09
P00237,Producto 237,76,08
P00238,Producto 238,43,48
P00239,Producto 239,25,62
P00240,Producto 240,7,01
P00241,Producto 241,47,79
P00242,Producto 242,98,33
P00243,Producto 243,27,08
P00244,Producto 244,1,65
P00245,Producto 245,17,93
P00246,Producto 246,30,51
P00247,Producto 247,25,42
P00248,Producto 248,46,82
P00249,Producto 249,90,22
P00250,Producto 250,53,59
P00251,Producto 251,31,99
P00252,Producto 252,5,43
P00253,Producto 253,92,67
P00254,Producto 254,39,11
P00255,Producto 255,35,56
P00256,Producto 256,62,45
P00257,Producto 257,54
P00258,Producto 258,51,11
P00259,Producto 259,25,46
P00260,Producto 260,85,02
P00261,Producto 261,10,59
P00262,Producto 262,19,49
P00263,Producto 263,30,79
P00264,Producto 264,49,37
P00265,Producto 265,51,35
P00266,Producto 266,74,6
P00267,Producto 267,28,16
P00268,Producto 268,81,37
P00269,Producto 269,32,53
P00270,Producto 270,61,73
P00271,Producto 271,88,4
P00272,Producto 272,99,42
P00273,Producto 273,54,26
P00274,Producto 274,64,99
P00275,Producto 275,13,22
P00276,Producto 276,53,31
P00277,Producto 277,1,27
P00278,Producto 278,11,27
P00279,Producto 279,66,62
P00280,Producto 280,28,74
P00281,Producto 281,96,53
P00282,Producto 282,45,93
P00283,Producto 283,41,94
P00284,Producto 284,88,2
P00285,Producto 285,44,46
P00286,Producto 286,11,15
P00287,Producto 287,29,81
P00288,Producto 288,23,11
P00289,Producto 289,40,18
P00290,Producto 290,66,91
P00291,Producto 291,7,1
P00292,Producto 292,25,97
P00293,Producto 293,19,02
P00294,Producto 294,40,6
P00295,Producto 295,96,42
P00296,Producto 296,29,3
P00297,Producto 297,68,54
P00298,Producto 298,77,71
P00299,Producto 299,50,3
P00300,Producto 300,43,33
P00301,Producto 301,3,35
P00302,Producto 302,44,05
P00303,Producto 303,15,28
P00304,Producto 304,29,49
P00305,Producto 305,65,19
P00306,Producto 306,32,57
P00307,Producto 307,51,17
P00308,Producto 308,28,68
P00309,Producto 309,26,88
P00310,Producto 310,82,25
P00311,Producto 311,62,19
P00312,Producto 312,43,73
P00313,Producto 313,84,49
P00314,Producto 314,96,72
P00315,Producto 315,88,5
P00316,Producto 316,64,66
P00317,Producto 317,77,55
P00318,Producto 318,42,6
P00319,Producto 319,5,92
P00320,Producto 320,41,2
P00321,Producto 321,45,79
P00322,Producto 322,6,05
P00323,Producto 323,42,19
P00324,Producto 324,65,63
P00325,Producto 325,55,63
P00326,Producto 326,63,44
P00327,Producto 327,81,4
P00328,Producto 328,14,66
P00329,Producto 329,68,58
P00330,Producto 330,83,92
P00331,Producto 331,84,77
P00332,Producto 332,23,56
P00333,Producto 333,60,97
P00334,Producto 334,24,3
P00335,Producto 335,26,39
P00336,Producto 336,53,47
P00337,Producto 337,31,65
P00338,Producto 338,13,45
P00339,Producto 339,24,01
P00340,Producto 340,12,89
P00341,Producto 341,59,98
P00342,Producto 342,2,13
P00343,Producto 343,96,23
P00344,Producto 344,57,93
P00345,Producto 345,5,72
P00346,Producto 346,63,37
P00347,Producto 347,41,48
P00348,Producto 348,22,3
P00349,Producto 349,52,1
P00350,Producto 350,32,76
P00351,Producto 351,51,75
P00352,Producto 352,26,94
P00353,Producto 353,72,79
P00354,Producto 354,10,09
P00355,Producto 355,97,53
P00356,Producto 356,97,3
P00357,Producto 357,2,87
P00358,Producto 358,49,65
P00359,Producto 359,73,86
P00360,Producto 360,2,75
P00361,Producto 361,51,17
P00362,Producto 362,37,5
P00363,Producto 363,60,1
P00364,Producto 364,42,96
P00365,Producto 365,97,48
P00366,Producto 366,39,63
P00367,Producto 367,82,76
P00368,Producto 368,61,19
P00369,Producto 369,71,33
P00370,Producto 370,36,02
P00371,Producto 371,34
P00372,Producto 372,65,1
P00373,Producto 373,19,59
P00374,Producto 374,93,03
P00375,Producto 375,81,22
P00376,Producto 376,44,66
P00377,Producto 377,9,82
P00378,Producto 378,84,26
P00379,Producto 379,60,91
P00380,Producto 380,92,26
P00381,Producto 381,22,96
P00382,Producto 382,60,1
P00383,Producto 383,62,56
P00384,Producto 384,36,81
P00385,Producto 385,33,17
P00386,Producto 386,58,82
P00387,Producto 387,50,77
P00388,Producto 388,51,88
P00389,Producto 389,26,77
P00390,Producto 390,29,09
P00391,Producto 391,51,61
P00392,Producto 392,82
P00393,Producto 393,39,58
P00394,Producto 394,22,26
P00395,Producto 395,61,72
P00396,Producto 396,23,48
P00397,Producto 397,42,03
P00398,Producto 398,54,27
P00399,Producto 399,60,45
P00400,Producto 400,66,09
P00401,Producto 401,80,61
P00402,Producto 402,80,29
P00403,Producto 403,50,97
P00404,Producto 404,17,08
P00405,Producto 405,98,76
P00406,Producto 406,86,65
P00407,Producto 407,8,36
P00408,Producto 408,79,76
P00409,Producto 409,28,87
P00410,Producto 410,53,87
P00411,Producto 411,88,48
P00412,Producto 412,18,61
P00413,Producto 413,88,74
P00414,Producto 414,81,6
P00415,Producto 415,79,79
P00416,Producto 416,91,07
P00417,Producto 417,74,94
P00418,Producto 418,24,29
P00419,Producto 419,10,79
P00420,Producto 420,39,66
P00421,Producto 421,88,86
P00422,Producto 422,31,88
P00423,Producto 423,35,42
P00424,Producto 424,43,24
P00425,Producto 425,84,41
P00426,Producto 426,52,01
P00427,Producto 427,26,52
P00428,Producto 428,97,33
P00429,Producto 429,32,31
P00430,Producto 430,58,74
P00431,Producto 431,3,63
P00432,Producto 432,55,55
P00433,Producto 433,24,81
P00434,Producto 434,94,82
P00435,Producto 435,12,66
P00436,Producto 436,42,66
P00437,Producto 437,10,13
P00438,Producto 438,46,48
P00439,Producto 439,38,05
P00440,Producto 440,46,52
P00441,Producto 441,51,47
P00442,Producto 442,71,01
P00443,Producto 443,24
P00444,Producto 444,72,9
P00445,Producto 445,40,61
P00446,Producto 446,34
P00447,Producto 447,93,25
P00448,Producto 448,57,99
P00449,Producto 449,42,46
P00450,Producto 450,70,65
P00451,Producto 451,48,54
P00452,Producto 452,18,74
P00453,Producto 453,44,48
P00454,Producto 454,21,79
P00455,Producto 455,77,23
P00456,Producto 456,49,72
P00457,Producto 457,45,87
P00458,Producto 458,8,73
P00459,Producto 459,32,66
P00460,Producto 460,47,75
P00461,Producto 461,61,14
P00462,Producto 462,11,02
P00463,Producto 463,48,45
P00464,Producto 464,70,13
P00465,Producto 465,51,24
P00466,Producto 466,33,93
P00467,Producto 467,93,8
P00468,Producto 468,93,92
P00469,Producto 469,69,94
P00470,Producto 470,38,13
P00471,Producto 471,81,94
P00472,Producto 472,29,45
P00473,Producto 473,86,24
P00474,Producto 474,64,27
P00475,Producto 475,88,19
P00476,Producto 476,18,85
P00477,Producto 477,8,88
P00478,Producto 478,62,52
P00479,Producto 479,3,63
P00480,Producto 480,51,42
P00481,Producto 481,58,75
P00482,Producto 482,68,53
P00483,Producto 483,55,87
P00484,Producto 484,61,66
P00485,Producto 485,11,2
P00486,Producto 486,84,89
P00487,Producto 487,12,06
P00488,Producto 488,4,02
P00489,Producto 489,18,59
P00490,Producto 490,62,94
P00491,Producto 491,96,79
P00492,Producto 492,2,4
P00493,Producto 493,14,82
P00494,Producto 494,90,3
P00495,Producto 495,85,38
P00496,Producto 496,41,45
P00497,Producto 497,23,56
P00498,Producto 498,53,87
P00499,Producto 499,22,66
P00500,Producto 500,7,68
P00501,Producto 501,40,2
P00502,Producto 502,99,33
P00503,Producto 503,88,05
P00504,Producto 504,5,33
P00505,Producto 505,88,7
P00506,Producto 506,20,09
P00507,Producto 507,32,5
P00508,Producto 508,80,21
P00509,Producto 509,33,6
P00510,Producto 510,59,37
P00511,Producto 511,41,84
P00512,Producto 512,83,35
P00513,Producto 513,6,1
P00514,Producto 514,81,25
P00515,Producto 515,89
P00516,Producto 516,92,6
P00517,Producto 517,55,15
P00518,Producto 518,86,79
P00519,Producto 519,59,93
P00520,Producto 520,66,35
P00521,Producto 521,22,87
P00522,Producto 522,90,79
P00523,Producto 523,76,33
P00524,Producto 524,8
P00525,Producto 525,41,34
P00526,Producto 526,80,55
P00527,Producto 527,15,63
P00528,Producto 528,95,94
P00529,Producto 529,78,89
P00530,Producto 530,47,75
P00531,Producto 531,95,3
P00532,Producto 532,55,01
P00533,Producto 533,40,87
P00534,Producto 534,95,95
P00535,Producto 535,12,22
P00536,Producto 536,59,42
P00537,Producto 537,80,48
P00538,Producto 538,51,54
P00539,Producto 539,72,96
P00540,Producto 540,91,11
P00541,Producto 541,53,38
P00542,Producto 542,31,85
P00543,Producto 543,70,42
P00544,Producto 544,59,22
P00545,Producto 545,22,1
P00546,Producto 546,14,44
P00547,Producto 547,96,3
P00548,Producto 548,33,57
P00549,Producto 549,2,3
P00550,Producto 550,92,78
P00551,Producto 551,86,3
P00552,Producto 552,36,77
P00553,Producto 553,93,94
P00554,Producto 554,56,31
P00555,Producto 555,84,81
P00556,Producto 556,49,41
P00557,Producto 557,24
P00558,Producto 558,81,05
P00559,Producto 559,63,99
P00560,Producto 560,9,16
P00561,Producto 561,5,45
P00562,Producto 562,36,57
P00563,Producto 563,2,32
P00564,Producto 564,85,85
P00565,Producto 565,64,07
P00566,Producto 566,86,83
P00567,Producto 567,43,48
P00568,Producto 568,10,15
P00569,Producto 569,70,03
P00570,Producto 570,30,58
P00571,Producto 571,13,12
P00572,Producto 572,4,61
P00573,Producto 573,14,83
P00574,Producto 574,68,82
P00575,Producto 575,13,97
P00576,Producto 576,91,01
P00577,Producto 577,21,37
P00578,Producto 578,18,1
P00579,Producto 579,85,9
P00580,Producto 580,27,89
P00581,Producto 581,84,25
P00582,Producto 582,82,06
P00583,Producto 583,94,64
P00584,Producto 584,86,11
P00585,Producto 585,61,45
P00586,Producto 586,59,53
P00587,Producto 587,61,06
P00588,Producto 588,84,56
P00589,Producto 589,12,13
P00590,Producto 590,62,81
P00591,Producto 591,36,42
P00592,Producto 592,99,44
P00593,Producto 593,87,55
P00594,Producto 594,64,8
P00595,Producto 595,86,66
P00596,Producto 596,17,82
P00597,Producto 597,30,54
P00598,Producto 598,84,57
P00599,Producto 599,95,15
P00600,Producto 600,35,26
P00601,Producto 601,70,96
P00602,Producto 602,87,14
P00603,Producto 603,63,55
P00604,Producto 604,71,72
P00605,Producto 605,80,66
P00606,Producto 606,82,69
P00607,Producto 607,22,94
P00608,Producto 608,26,13
P00609,Producto 609,43,34
P00610,Producto 610,93,8
P00611,Producto 611,29,04
P00612,Producto 612,6,9
P00613,Producto 613,95,14
P00614,Producto 614,37,1
P00615,Producto 615,24,91
P00616,Producto 616,23,39
P00617,Producto 617,41,93
P00618,Producto 618,16,21
P00619,Producto 619,25,4
P00620,Producto 620,5,54
P00621,Producto 621,26,77
P00622,Producto 622,58,92
P00623,Producto 623,98,02
P00624,Producto 624,8,22
P00625,Producto 625,94,16
P00626,Producto 626,13,68
P00627,Producto 627,17,06
P00628,Producto 628,50,02
P00629,Producto 629,82,15
P00630,Producto 630,96,15
P00631,Producto 631,61,48
P00632,Producto 632,36,8
P00633,Producto 633,22,96
P00634,Producto 634,51,64
P00635,Producto 635,56,93
P00636,Producto 636,97,11
P00637,Producto 637,19,51
P00638,Producto 638,23,92
P00639,Producto 639,6,46
P00640,Producto 640,78,76
P00641,Producto 641,37,59
P00642,Producto 642,35,94
P00643,Producto 643,42,22
P00644,Producto 644,18,33
P00645,Producto 645,34,77
P00646,Producto 646,30,52
P00647,Producto 647,5,3
P00648,Producto 648,51,45
P00649,Producto 649,40,9
P00650,Producto 650,64,27
P00651,Producto 651,75,89
P00652,Producto 652,15,33
P00653,Producto 653,60,16
P00654,Producto 654,90,61
P00655,Producto 655,9,49
P00656,Producto 656,13,04
P00657,Producto 657,89,12
P00658,Producto 658,56,33
P00659,Producto 659,77,56
P00660,Producto 660,67,98
P00661,Producto 661,66,63
P00662,Producto 662,72,92
P00663,Producto 663,43,97
P00664,Producto 664,47,18
P00665,Producto 665,33,32
P00666,Producto 666,92,24
P00667,Producto 667,83,94
P00668,Producto 668,44,5
P00669,Producto 669,80,17
P00670,Producto 670,27,8
P00671,Producto 671,4,88
P00672,Producto 672,19,01
P00673,Producto 673,10,75
P00674,Producto 674,46,64
P00675,Producto 675,67,95
P00676,Producto 676,90,83
P00677,Producto 677,17,7
P00678,Producto 678,80,69
P00679,Producto 679,73,45
P00680,Producto 680,64,64
P00681,Producto 681,9,38
P00682,Producto 682,65,61
P00683,Producto 683,10,13
P00684,Producto 684,18,88
P00685,Producto 685,21,27
P00686,Producto 686,47,15
P00687,Producto 687,76,64
P00688,Producto 688,32,35
P00689,Producto 689,43,15
P00690,Producto 690,44,9
P00691,Producto 691,8,99
P00692,Producto 692,63,18
P00693,Producto 693,46,36
P00694,Producto 694,38,48
P00695,Producto 695,13,13
P00696,Producto 696,64,67
P00697,Producto 697,91,97
P00698,Producto 698,95,04
P00699,Producto 699,85,01
P00700,Producto 700,42,53
P00701,Producto 701,46,57
P00702,Producto 702,60,8
P00703,Producto 703,71,28
P00704,Producto 704,14,1
P00705,Producto 705,60,39
P00706,Producto 706,57,87
P00707,Producto 707,5,58
P00708,Producto 708,14,52
P00709,Producto 709,23,65
P00710,Producto 710,18,66
P00711,Producto 711,95,33
P00712,Producto 712,9,43
P00713,Producto 713,82,88
P00714,Producto 714,13,92
P00715,Producto 715,59,6
P00716,Producto 716,2,02
P00717,Producto 717,63,79
P00718,Producto 718,26,09
P00719,Producto 719,26,92
P00720,Producto 720,86,17
P00721,Producto 721,16,6
P00722,Producto 722,52,6
P00723,Producto 723,2,35
P00724,Producto 724,36,27
P00725,Producto 725,19,81
P00726,Producto 726,41,7
P00727,Producto 727,72,66
P00728,Producto 728,72,27
P00729,Producto 729,34,51
P00730,Producto 730,4,28
P00731,Producto 731,98,87
P00732,Producto 732,22,66
P00733,Producto 733,95,68
P00734,Producto 734,31,92
P00735,Producto 735,19,07
P00736,Producto 736,48,58
P00737,Producto 737,94,34
P00738,Producto 738,96,02
P00739,Producto 739,58,49
P00740,Producto 740,63,39
P00741,Producto 741,42,57
P00742,Producto 742,63,11
P00743,Producto 743,9,7
P00744,Producto 744,25,49
P00745,Producto 745,49,56
P00746,Producto 746,99,55
P00747,Producto 747,80,3
P00748,Producto 748,33,44
P00749,Producto 749,78,88
P00750,Producto 750,12,12
P00751,Producto 751,1,88
P00752,Producto 752,66,88
P00753,Producto 753,69,12
P00754,Producto 754,98,84
P00755,Producto 755,26,92
P00756,Producto 756,93,98
P00757,Producto 757,59,45
P00758,Producto 758,36,01
P00759,Producto 759,94,29
P00760,Producto 760,19,69
P00761,Producto 761,85,22
P00762,Producto 762,33,31
P00763,Producto 763,80,02
P00764,Producto 764,20,37
P00765,Producto 765,19,79
P00766,Producto 766,73,67
P00767,Producto 767,13,76
P00768,Producto 768,51,96
P00769,Producto 769,94,85
P00770,Producto 770,12,02
P00771,Producto 771,7,68
P00772,Producto 772,67,77
P00773,Producto 773,67,6
P00774,Producto 774,63,52
P00775,Producto 775,44,6
P00776,Producto 776,53,49
P00777,Producto 777,43,9
P00778,Producto 778,76,86
P00779,Producto 779,86,71
P00780,Producto 780,20,26
P00781,Producto 781,61,4
P00782,Producto 782,40,22
P00783,Producto 783,93,39
P00784,Producto 784,23,39
P00785,Producto 785,3,4
P00786,Producto 786,32,99
P00787,Producto 787,53,54
P00788,Producto 788,96,84
P00789,Producto 789,6
P00790,Producto 790,25,09
P00791,Producto 791,89,13
P00792,Producto 792,59,33
P00793,Producto 793,2,73
P00794,Producto 794,39,8
P00795,Producto 795,78,18
P00796,Producto 796,10,26
P00797,Producto 797,83,1
P00798,Producto 798,89,32
P00799,Producto 799,6,69
P00800,Producto 800,75,89
P00801,Producto 801,86,79
P00802,Producto 802,29,34
P00803,Producto 803,38,59
P00804,Producto 804,67,87
P00805,Producto 805,5,44
P00806,Producto 806,34,12
P00807,Producto 807,99,28
P00808,Producto 808,6,6
P00809,Producto 809,55,23
P00810,Producto 810,73,43
P00811,Producto 811,51,08
P00812,Producto 812,82,59
P00813,Producto 813,49,3
P00814,Producto 814,75,03
P00815,Producto 815,58,29
P00816,Producto 816,46
P00817,Producto 817,39,92
P00818,Producto 818,57,63
P00819,Producto 819,17,98
P00820,Producto 820,86,8
P00821,Producto 821,21,13
P00822,Producto 822,16,92
P00823,Producto 823,46,96
P00824,Producto 824,70,76
P00825,Producto 825,22,89
P00826,Producto 826,48,35
P00827,Producto 827,66,03
P00828,Producto 828,28,8
P00829,Producto 829,85,35
P00830,Producto 830,35,34
P00831,Producto 831,70,39
P00832,Producto 832,54,57
P00833,Producto 833,71,16
P00834,Producto 834,11,81
P00835,Producto 835,33,47
P00836,Producto 836,33,06
P00837,Producto 837,2,63
P00838,Producto 838,26,52
P00839,Producto 839,18,95
P00840,Producto 840,69,28
P00841,Producto 841,33,71
P00842,Producto 842,47,94
P00843,Producto 843,42,61
P00844,Producto 844,32,57
P00845,Producto 845,74,01
P00846,Producto 846,7,53
P00847,Producto 847,11,03
P00848,Producto 848,27,71
P00849,Producto 849,81,51
P00850,Producto 850,33,18
P00851,Producto 851,70,35
P00852,Producto 852,26,47
P00853,Producto 853,72,35
P00854,Producto 854,19,89
P00855,Producto 855,55,76
P00856,Producto 856,70,88
P00857,Producto 857,82,37
P00858,Producto 858,67,83
P00859,Producto 859,45,98
P00860,Producto 860,57,08
P00861,Producto 861,68,09
P00862,Producto 862,71,48
P00863,Producto 863,21,25
P00864,Producto 864,20,89
P00865,Producto 865,4,04
P00866,Producto 866,96,5
P00867,Producto 867,12,43
P00868,Producto 868,38,49
P00869,Producto 869,42,56
P00870,Producto 870,26,23
P00871,Producto 871,44,36
P00872,Producto 872,14,39
P00873,Producto 873,39,67
P00874,Producto 874,48,7
P00875,Producto 875,54,09
P00876,Producto 876,73,19
P00877,Producto 877,74,31
P00878,Producto 878,15,4
P00879,Producto 879,96,74
P00880,Producto 880,16,36
P00881,Producto 881,38,33
P00882,Producto 882,39,33
P00883,Producto 883,47,29
P00884,Producto 884,53,17
P00885,Producto 885,64,99
P00886,Producto 886,44,93
P00887,Producto 887,82,23
P00888,Producto 888,52,28
P00889,Producto 889,56,05
P00890,Producto 890,62,59
P00891,Producto 891,50,69
P00892,Producto 892,34,8
P00893,Producto 893,80,54
P00894,Producto 894,61,87
P00895,Producto 895,2,19
P00896,Producto 896,62,23
P00897,Producto 897,27,69
P00898,Producto 898,22,72
P00899,Producto 899,29,53
P00900,Producto 900,77,51
P00901,Producto 901,95,1
P00902,Producto 902,72,54
P00903,Producto 903,85,14
P00904,Producto 904,56,27
P00905,Producto 905,88,82
P00906,Producto 906,56,95
P00907,Producto 907,86,8
P00908,Producto 908,24,65
P00909,Producto 909,65,8
P00910,Producto 910,82,57
P00911,Producto 911,96,57
P00912,Producto 912,67,98
P00913,Producto 913,71,09
P00914,Producto 914,30,62
P00915,Producto 915,19,75
P00916,Producto 916,29,76
P00917,Producto 917,25,2
P00918,Producto 918,68,08
P00919,Producto 919,55,9
P00920,Producto 920,59,11
P00921,Producto 921,15,28
P00922,Producto 922,60,15
P00923,Producto 923,82,44
P00924,Producto 924,79,97
P00925,Producto 925,75,55
P00926,Producto 926,10,56
P00927,Producto 927,33,85
P00928,Producto 928,77,8
P00929,Producto 929,47,51
P00930,Producto 930,91,87
P00931,Producto 931,46,5
P00932,Producto 932,52,59
P00933,Producto 933,85,87
P00934,Producto 934,20,23
P00935,Producto 935,21,26
P00936,Producto 936,65,79
P00937,Producto 937,54,18
P00938,Producto 938,91,02
P00939,Producto 939,64,35
P00940,Producto 940,9,04
P00941,Producto 941,58,13
P00942,Producto 942,58,58
P00943,Producto 943,86,48
P00944,Producto 944,73,48
P00945,Producto 945,66,02
P00946,Producto 946,82,71
P00947,Producto 947,63,71
P00948,Producto 948,50,92
P00949,Producto 949,43,12
P00950,Producto 950,72,43
P00951,Producto 951,38,03
P00952,Producto 952,59,6
P00953,Producto 953,66,82
P00954,Producto 954,70,42
P00955,Producto 955,63,23
P00956,Producto 956,35,95
P00957,Producto 957,90,09
P00958,Producto 958,6,17
P00959,Producto 959,80,73
P00960,Producto 960,79,26
P00961,Producto 961,24,11
P00962,Producto 962,10
P00963,Producto 963,77,14
P00964,Producto 964,73,93
P00965,Producto 965,37,07
P00966,Producto 966,44,99
P00967,Producto 967,82,11
P00968,Producto 968,51,86
P00969,Producto 969,10,37
P00970,Producto 970,53,96
P00971,Producto 971,75,58
P00972,Producto 972,34,18
P00973,Producto 973,4,74
P00974,Producto 974,47,86
P00975,Producto 975,1,98
P00976,Producto 976,56,7
P00977,Producto 977,73,68
P00978,Producto 978,9,97
P00979,Producto 979,14,95
P00980,Producto 980,92,84
P00981,Producto 981,46,85
P00982,Producto 982,82,93
P00983,Producto 983,35,68
P00984,Producto 984,75,07
P00985,Producto 985,54,84
P00986,Producto 986,86,9
P00987,Producto 987,85,76
P00988,Producto 988,16,45
P00989,Producto 989,57
P00990,Producto 990,85,31
P00991,Producto 991,75,7
P00992,Producto 992,49,01
P00993,Producto 993,11,29
P00994,Producto 994,85,09
P00995,Producto 995,84,93
P00996,Producto 996,49,13
P00997,Producto 997,81,43
P00998,Producto 998,13,55
P00999,Producto 999,37,41
P01000,Producto 1000,22,03
P01001,Producto 1001,1,59
P01002,Producto 1002,12,85
P01003,Producto 1003,41,56
P01004,Producto 1004,89,15
P01005,Producto 1005,96,86
P01006,Producto 1006,4,85
P01007,Producto 1007,55,87
P01008,Producto 1008,19,97
P01009,Producto 1009,69,43
P01010,Producto 1010,7,53
P01011,Producto 1011,62,27
P01012,Producto 1012,81,13
P01013,Producto 1013,91,22
P01014,Producto 1014,87,88
P01015,Producto 1015,33,4
P01016,Producto 1016,41,18
P01017,Producto 1017,74,32
P01018,Producto 1018,3,07
P01019,Producto 1019,20,09
P01020,Producto 1020,50,17
P01021,Producto 1021,59,22
P01022,Producto 1022,66,67
P01023,Producto 1023,94,86
P01024,Producto 1024,25,06
P01025,Producto 1025,78,26
P01026,Producto 1026,27,56
P01027,Producto 1027,23,89
P01028,Producto 1028,19,64
P01029,Producto 1029,62,92
P01030,Producto 1030,52,86
P01031,Producto 1031,75,27
P01032,Producto 1032,61,12
P01033,Producto 1033,72,56
P01034,Producto 1034,92,92
P01035,Producto 1035,92,25
P01036,Producto 1036,35
P01037,Producto 1037,42,37
P01038,Producto 1038,46,53
P01039,Producto 1039,78,22
P01040,Producto 1040,50,99
P01041,Producto 1041,32,03
P01042,Producto 1042,66,79
P01043,Producto 1043,47,01
P01044,Producto 1044,50,46
P01045,Producto 1045,24,04
P01046,Producto 1046,94,57
P01047,Producto 1047,57,8
P01048,Producto 1048,23,41
P01049,Producto 1049,52,69
P01050,Producto 1050,44,75
P01051,Producto 1051,74,81
P01052,Producto 1052,79,36
P01053,Producto 1053,93,46
P01054,Producto 1054,87,24
P01055,Producto 1055,62,81
P01056,Producto 1056,34,93
P01057,Producto 1057,17,99
P01058,Producto 1058,17,5
P01059,Producto 1059,11,89
P01060,Producto 1060,70,29
P01061,Producto 1061,80,96
P01062,Producto 1062,37,23
P01063,Producto 1063,57,04
P01064,Producto 1064,17,58
P01065,Producto 1065,32,27
P01066,Producto 1066,2,15
P01067,Producto 1067,9,57
P01068,Producto 1068,98,3
P01069,Producto 1069,95,64
P01070,Producto 1070,98,4
P01071,Producto 1071,98,81
P01072,Producto 1072,28,79
P01073,Producto 1073,24,86
P01074,Producto 1074,69,1
P01075,Producto 1075,19,14
P01076,Producto 1076,92,43
P01077,Producto 1077,20,65
P01078,Producto 1078,45,4
P01079,Producto 1079,2,02
P01080,Producto 1080,83,69
P01081,Producto 1081,69,77
P01082,Producto 1082,1,48
P01083,Producto 1083,66,95
P01084,Producto 1084,19,17
P01085,Producto 1085,78,05
P01086,Producto 1086,95,91
P01087,Producto 1087,67,66
P01088,Producto 1088,85,32
P01089,Producto 1089,31,11
P01090,Producto 1090,58,32
P01091,Producto 1091,18,02
P01092,Producto 1092,25,87
P01093,Producto 1093,35,64
P01094,Producto 1094,8,92
P01095,Producto 1095,70,02
P01096,Producto 1096,94,81
P01097,Producto 1097,10,75
P01098,Producto 1098,30,44
P01099,Producto 1099,19,2
P01100,Producto 1100,22,89
P01101,Producto 1101,86,01
P01102,Producto 1102,59,5
P01103,Producto 1103,27,77
P01104,Producto 1104,54,29
P01105,Producto 1105,45,95
P01106,Producto 1106,47,02
P01107,Producto 1107,55,51
P01108,Producto 1108,25,36
P01109,Producto 1109,69,1
P01110,Producto 1110,70,38
P01111,Producto 1111,15,28
P01112,Producto 1112,72,59
P01113,Producto 1113,16,47
P01114,Producto 1114,28,2
P01115,Producto 1115,1,52
P01116,Producto 1116,80,48
P01117,Producto 1117,70,28
P01118,Producto 1118,38,87
P01119,Producto 1119,39,53
P01120,Producto 1120,36,36
P01121,Producto 1121,34,49
P01122,Producto 1122,24,25
P01123,Producto 1123,68,19
P01124,Producto 1124,38,32
P01125,Producto 1125,81,38
P01126,Producto 1126,73,93
P01127,Producto 1127,93,16
P01128,Producto 1128,16,93
P01129,Producto 1129,99,08
P01130,Producto 1130,24,33
P01131,Producto 1131,82,68
P01132,Producto 1132,90,22
P01133,Producto 1133,27,2
P01134,Producto 1134,79,14
P01135,Producto 1135,97,68
P01136,Producto 1136,11,27
P01137,Producto 1137,73,71
P01138,Producto 1138,13,66
P01139,Producto 1139,73,22
P01140,Producto 1140,32,03
P01141,Producto 1141,41,4
P01142,Producto 1142,43,3
P01143,Producto 1143,17,22
P01144,Producto 1144,60,73
P01145,Producto 1145,44,04
P01146,Producto 1146,45,43
P01147,Producto 1147,10,4
P01148,Producto 1148,8,43
P01149,Producto 1149,8,4
P01150,Producto 1150,89,54
P01151,Producto 1151,25,53
P01152,Producto 1152,71,88
P01153,Producto 1153,90,9
P01154,Producto 1154,82,83
P01155,Producto 1155,88,4
P01156,Producto 1156,62,76
P01157,Producto 1157,91,31
P01158,Producto 1158,89,45
P01159,Producto 1159,72,91
P01160,Producto 1160,72,01
P01161,Producto 1161,53,87
P01162,Producto 1162,39,57
P01163,Producto 1163,26,27
P01164,Producto 1164,45,77
P01165,Producto 1165,87,7
P01166,Producto 1166,25,06
P01167,Producto 1167,46,38
P01168,Producto 1168,37,34
P01169,Producto 1169,30,52
P01170,Producto 1170,90,25
P01171,Producto 1171,7,77
P01172,Producto 1172,57,62
P01173,Producto 1173,65,65
P01174,Producto 1174,8,51
P01175,Producto 1175,94,96
P01176,Producto 1176,91,18
P01177,Producto 1177,8,03
P01178,Producto 1178,8,46
P01179,Producto 1179,94,28
P01180,Producto 1180,36,95
P01181,Producto 1181,64,53
P01182,Producto 1182,85,72
P01183,Producto 1183,9,53
P01184,Producto 1184,10,54
P01185,Producto 1185,98,8
P01186,Producto 1186,11,8
P01187,Producto 1187,99,31
P01188,Producto 1188,44,37
P01189,Producto 1189,90,74
P01190,Producto 1190,35,92
P01191,Producto 1191,19,96
P01192,Producto 1192,84,26
P01193,Producto 1193,40,75
P01194,Producto 1194,2,21
P01195,Producto 1195,78,16
P01196,Producto 1196,2,83
P01197,Producto 1197,18,03
P01198,Producto 1198,71,45
P01199,Producto 1199,73,03
P01200,Producto 1200,19,98
P01201,Producto 1201,99,04
P01202,Producto 1202,73,06
P01203,Producto 1203,77,92
P01204,Producto 1204,18,15
P01205,Producto 1205,82,77
P01206,Producto 1206,67,92
P01207,Producto 1207,7,23
P01208,Producto 1208,83,4
P01209,Producto 1209,87,87
P01210,Producto 1210,97,22
P01211,Producto 1211,55,73
P01212,Producto 1212,83,85
P01213,Producto 1213,95,17
P01214,Producto 1214,36,95
P01215,Producto 1215,8,48
P01216,Producto 1216,68,14
P01217,Producto 1217,31,04
P01218,Producto 1218,16,73
P01219,Producto 1219,46,97
P01220,Producto 1220,76,9
P01221,Producto 1221,25,75
P01222,Producto 1222,3,01
P01223,Producto 1223,46,6
P01224,Producto 1224,94,59
P01225,Producto 1225,71,29
P01226,Producto 1226,23,51
P01227,Producto 1227,17,86
P01228,Producto 1228,64,44
P01229,Producto 1229,30,35
P01230,Producto 1230,93,14
P01231,Producto 1231,74,15
P01232,Producto 1232,36,58
P01233,Producto 1233,35,43
P01234,Producto 1234,75,29
P01235,Producto 1235,37,91
P01236,Producto 1236,91,47
P01237,Producto 1237,8,81
P01238,Producto 1238,91,38
P01239,Producto 1239,27,77
P01240,Producto 1240,31,89
P01241,Producto 1241,5,57
P01242,Producto 1242,16,91
P01243,Producto 1243,56,5
P01244,Producto 1244,93,52
P01245,Producto 1245,80,19
P01246,Producto 1246,36,11
P01247,Producto 1247,89,09
P01248,Producto 1248,4,8
P01249,Producto 1249,93,73
P01250,Producto 1250,11,02
P01251,Producto 1251,71,78
P01252,Producto 1252,2,3
P01253,Producto 1253,25,48
P01254,Producto 1254,96,12
P01255,Producto 1255,94,24
P01256,Producto 1256,97,03
P01257,Producto 1257,27,46
P01258,Producto 1258,83,32
P01259,Producto 1259,46,85
P01260,Producto 1260,60,26
P01261,Producto 1261,51,05
P01262,Producto 1262,42,79
P01263,Producto 1263,54,05
P01264,Producto 1264,94,73
P01265,Producto 1265,24,07
P01266,Producto 1266,20,15
P01267,Producto 1267,49,42
P01268,Producto 1268,20,88
P01269,Producto 1269,99,04
P01270,Producto 1270,17,01
P01271,Producto 1271,60,34
P01272,Producto 1272,39,66
P01273,Producto 1273,88,96
P01274,Producto 1274,16,09
P01275,Producto 1275,72,33
P01276,Producto 1276,9,83
P01277,Producto 1277,46,51
P01278,Producto 1278,53,08
P01279,Producto 1279,15,4
P01280,Producto 1280,36,18
P01281,Producto 1281,34,42
P01282,Producto 1282,14,06
P01283,Producto 1283,70,71
P01284,Producto 1284,20,33
P01285,Producto 1285,22,36
P01286,Producto 1286,72,85
P01287,Producto 1287,12,1
P01288,Producto 1288,39,31
P01289,Producto 1289,81,06
P01290,Producto 1290,40,88
P01291,Producto 1291,65,01
P01292,Producto 1292,25,48
P01293,Producto 1293,45,53
P01294,Producto 1294,67,51
P01295,Producto 1295,80,83
P01296,Producto 1296,62,78
P01297,Producto 1297,62,86
P01298,Producto 1298,61,77
P01299,Producto 1299,70,45
P01300,Producto 1300,61,04
P01301,Producto 1301,86,7
P01302,Producto 1302,69,21
P01303,Producto 1303,5,76
P01304,Producto 1304,77,72
P01305,Producto 1305,50,68
P01306,Producto 1306,33,12
P01307,Producto 1307,13,34
P01308,Producto 1308,10,39
P01309,Producto 1309,24,79
P01310,Producto 1310,85,4
P01311,Producto 1311,51,52
P01312,Producto 1312,74,38
P01313,Producto 1313,68,92
P01314,Producto 1314,11,68
P01315,Producto 1315,26,84
P01316,Producto 1316,37,99
P01317,Producto 1317,72,07
P01318,Producto 1318,34,72
P01319,Producto 1319,73,38
P01320,Producto 1320,51,21
P01321,Producto 1321,9,05
P01322,Producto 1322,11,11
P01323,Producto 1323,39,82
P01324,Producto 1324,59,16
P01325,Producto 1325,51,99
P01326,Producto 1326,35,86
P01327,Producto 1327,94,13
P01328,Producto 1328,22,44
P01329,Producto 1329,35,25
P01330,Producto 1330,10,55
P01331,Producto 1331,46,97
P01332,Producto 1332,84,74
P01333,Producto 1333,82,63
P01334,Producto 1334,54,36
P01335,Producto 1335,49,48
P01336,Producto 1336,65,21
P01337,Producto 1337,9,31
P01338,Producto 1338,92,99
P01339,Producto 1339,69,65
P01340,Producto 1340,89,23
P01341,Producto 1341,60,51
P01342,Producto 1342,2,71
P01343,Producto 1343,15,52
P01344,Producto 1344,95,65
P01345,Producto 1345,89,36
P01346,Producto 1346,90,63
P01347,Producto 1347,56,56
P01348,Producto 1348,34,86
P01349,Producto 1349,41,67
P01350,Producto 1350,43,84
P01351,Producto 1351,90,71
P01352,Producto 1352,29,14
P01353,Producto 1353,88,39
P01354,Producto 1354,20,24
P01355,Producto 1355,52,99
P01356,Producto 1356,76,59
P01357,Producto 1357,30,38
P01358,Producto 1358,46,59
P01359,Producto 1359,26,73
P01360,Producto 1360,15,82
P01361,Producto 1361,38,99
P01362,Producto 1362,90,9
P01363,Producto 1363,75,14
P01364,Producto 1364,15,24
P01365,Producto 1365,39,43
P01366,Producto 1366,66,77
P01367,Producto 1367,91,75
P01368,Producto 1368,15,56
P01369,Producto 1369,62,2
P01370,Producto 1370,61,63
P01371,Producto 1371,29,68
P01372,Producto 1372,79,09
P01373,Producto 1373,65,07
P01374,Producto 1374,84,14
P01375,Producto 1375,90,71
P01376,Producto 1376,7,34
P01377,Producto 1377,95,59
P01378,Producto 1378,44,17
P01379,Producto 1379,69,8
P01380,Producto 1380,61,36
P01381,Producto 1381,79,3
P01382,Producto 1382,60,27
P01383,Producto 1383,80,77
P01384,Producto 1384,91,41
P01385,Producto 1385,19,84
P01386,Producto 1386,18,82
P01387,Producto 1387,96,35
P01388,Producto 1388,63,39
P01389,Producto 1389,2,37
P01390,Producto 1390,72,89
P01391,Producto 1391,35,83
P01392,Producto 1392,62,72
P01393,Producto 1393,67,26
P01394,Producto 1394,54,83
P01395,Producto 1395,51,24
P01396,Producto 1396,69,61
P01397,Producto 1397,27,57
P01398,Producto 1398,1,27
P01399,Producto 1399,57,22
P01400,Producto 1400,23,59
P01401,Producto 1401,98,89
P01402,Producto 1402,42
P01403,Producto 1403,72,66
P01404,Producto 1404,80,04
P01405,Producto 1405,15,16
P01406,Producto 1406,12,62
P01407,Producto 1407,64,08
P01408,Producto 1408,5,25
P01409,Producto 1409,29,53
P01410,Producto 1410,46,65
P01411,Producto 1411,81
P01412,Producto 1412,86,21
P01413,Producto 1413,76,79
P01414,Producto 1414,65,37
P01415,Producto 1415,36,53
P01416,Producto 1416,78,72
P01417,Producto 1417,11,13
P01418,Producto 1418,83,73
P01419,Producto 1419,95,41
P01420,Producto 1420,21,61
P01421,Producto 1421,70,42
P01422,Producto 1422,29,36
P01423,Producto 1423,14,19
P01424,Producto 1424,89,31
P01425,Producto 1425,26,81
P01426,Producto 1426,66,97
P01427,Producto 1427,12,83
P01428,Producto 1428,11,23
P01429,Producto 1429,33,9
P01430,Producto 1430,22,1
P01431,Producto 1431,79,77
P01432,Producto 1432,95,31
P01433,Producto 1433,86,95
P01434,Producto 1434,47,22
P01435,Producto 1435,62,47
P01436,Producto 1436,38,3
P01437,Producto 1437,87,61
P01438,Producto 1438,1,73
P01439,Producto 1439,77,25
P01440,Producto 1440,8,21
P01441,Producto 1441,54,75
P01442,Producto 1442,92,1
P01443,Producto 1443,34,86
P01444,Producto 1444,55,72
P01445,Producto 1445,91,88
P01446,Producto 1446,49,61
P01447,Producto 1447,85,93
P01448,Producto 1448,2,88
P01449,Producto 1449,19,3
P01450,Producto 1450,72,52
P01451,Producto 1451,59,47
P01452,Producto 1452,43,84
P01453,Producto 1453,5,87
P01454,Producto 1454,36,61
P01455,Producto 1455,53,17
P01456,Producto 1456,70,53
P01457,Producto 1457,28,8
P01458,Producto 1458,83,35
P01459,Producto 1459,54,23
P01460,Producto 1460,48,2
P01461,Producto 1461,99,79
P01462,Producto 1462,53,84
P01463,Producto 1463,71,35
P01464,Producto 1464,8,43
P01465,Producto 1465,66,87
P01466,Producto 1466,85,69
P01467,Producto 1467,99,26
P01468,Producto 1468,30,57
P01469,Producto 1469,3,9
P01470,Producto 1470,98,23
P01471,Producto 1471,91,11
P01472,Producto 1472,10,4
P01473,Producto 1473,7,48
P01474,Producto 1474,88,19
P01475,Producto 1475,66,86
P01476,Producto 1476,78,32
P01477,Producto 1477,94,5
P01478,Producto 1478,58,47
P01479,Producto 1479,97,43
P01480,Producto 1480,77,2
P01481,Producto 1481,81,04
P01482,Producto 1482,10,95
P01483,Producto 1483,91,93
P01484,Producto 1484,61,38
P01485,Producto 1485,62,63
P01486,Producto 1486,36,93
P01487,Producto 1487,90,44
P01488,Producto 1488,51,34
P01489,Producto 1489,94,05
P01490,Producto 1490,91,95
P01491,Producto 1491,10,5
P01492,Producto 1492,5,26
P01493,Producto 1493,47,5
P01494,Producto 1494,30,05
P01495,Producto 1495,8,42
P01496,Producto 1496,1,9
P01497,Producto 1497,21,76
P01498,Producto 1498,27,43
P01499,Producto 1499,88,85
P01500,Producto 1500,7,19
P01501,Producto 1501,50,35
P01502,Producto 1502,56,36
P01503,Producto 1503,98,98
P01504,Producto 1504,21,08
P01505,Producto 1505,81,41
P01506,Producto 1506,50,07
P01507,Producto 1507,37,36
P01508,Producto 1508,17,68
P01509,Producto 1509,69,75
P01510,Producto 1510,74,85
P01511,Producto 1511,76,02
P01512,Producto 1512,70,33
P01513,Producto 1513,85,93
P01514,Producto 1514,77,04
P01515,Producto 1515,67,16
P01516,Producto 1516,89,84
P01517,Producto 1517,61,91
P01518,Producto 1518,10,96
P01519,Producto 1519,45,8
P01520,Producto 1520,30,94
P01521,Producto 1521,95,25
P01522,Producto 1522,48,92
P01523,Producto 1523,36,52
P01524,Producto 1524,11,95
P01525,Producto 1525,88,73
P01526,Producto 1526,86,85
P01527,Producto 1527,62,9
P01528,Producto 1528,77,43
P01529,Producto 1529,80,77
P01530,Producto 1530,65,96
P01531,Producto 1531,57,56
P01532,Producto 1532,68,08
P01533,Producto 1533,69,62
P01534,Producto 1534,91,24
P01535,Producto 1535,27,85
P01536,Producto 1536,25,68
P01537,Producto 1537,11,97
P01538,Producto 1538,71,85
P01539,Producto 1539,79,97
P01540,Producto 1540,13,55
P01541,Producto 1541,99,57
P01542,Producto 1542,73,77
P01543,Producto 1543,81,59
P01544,Producto 1544,20,2
P01545,Producto 1545,16,92
P01546,Producto 1546,40,17
P01547,Producto 1547,19,34
P01548,Producto 1548,70,46
P01549,Producto 1549,62,89
P01550,Producto 1550,18,58
P01551,Producto 1551,39,99
P01552,Producto 1552,11,8
P01553,Producto 1553,81,62
P01554,Producto 1554,58,91
P01555,Producto 1555,11,94
P01556,Producto 1556,2,43
P01557,Producto 1557,20,84
P01558,Producto 1558,88,03
P01559,Producto 1559,32,35
P01560,Producto 1560,94,57
P01561,Producto 1561,87,17
P01562,Producto 1562,59,93
P01563,Producto 1563,36,9
P01564,Producto 1564,4,79
P01565,Producto 1565,18,29
P01566,Producto 1566,8,95
P01567,Producto 1567,1,71
P01568,Producto 1568,94,69
P01569,Producto 1569,50,19
P01570,Producto 1570,42,48
P01571,Producto 1571,78,88
P01572,Producto 1572,90,06
P01573,Producto 1573,30,99
P01574,Producto 1574,33,25
P01575,Producto 1575,31,37
P01576,Producto 1576,22,48
P01577,Producto 1577,67,33
P01578,Producto 1578,17,32
P01579,Producto 1579,95,03
P01580,Producto 1580,49,56
P01581,Producto 1581,68,51
P01582,Producto 1582,92,45
P01583,Producto 1583,15,54
P01584,Producto 1584,63,2
P01585,Producto 1585,26,97
P01586,Producto 1586,46,76
P01587,Producto 1587,86,45
P01588,Producto 1588,11,72
P01589,Producto 1589,80,29
P01590,Producto 1590,26,42
P01591,Producto 1591,5,84
P01592,Producto 1592,23,94
P01593,Producto 1593,40,5
P01594,Producto 1594,85,41
P01595,Producto 1595,26,38
P01596,Producto 1596,40,64
P01597,Producto 1597,37,87
P01598,Producto 1598,77,81
P01599,Producto 1599,2,91
P01600,Producto 1600,8,98
P01601,Producto 1601,39,46
P01602,Producto 1602,24,65
P01603,Producto 1603,21,27
P01604,Producto 1604,21,41
P01605,Producto 1605,39,7
P01606,Producto 1606,49,93
P01607,Producto 1607,80,81
P01608,Producto 1608,49,37
P01609,Producto 1609,28,54
P01610,Producto 1610,89,47
P01611,Producto 1611,35,1
P01612,Producto 1612,4,52
P01613,Producto 1613,93
P01614,Producto 1614,82,78
P01615,Producto 1615,27,06
P01616,Producto 1616,94,73
P01617,Producto 1617,45,4
P01618,Producto 1618,73,71
P01619,Producto 1619,77,81
P01620,Producto 1620,71,53
P01621,Producto 1621,22,49
P01622,Producto 1622,89,99
P01623,Producto 1623,15,4
P01624,Producto 1624,24,77
P01625,Producto 1625,37,65
P01626,Producto 1626,55,94
P01627,Producto 1627,50,56
P01628,Producto 1628,45,58
P01629,Producto 1629,7,87
P01630,Producto 1630,90,73
P01631,Producto 1631,84,61
P01632,Producto 1632,89,52
P01633,Producto 1633,15,4
P01634,Producto 1634,87,05
P01635,Producto 1635,11,11
P01636,Producto 1636,44,86
P01637,Producto 1637,72,18
P01638,Producto 1638,94,13
P01639,Producto 1639,24,5
P01640,Producto 1640,77,05
P01641,Producto 1641,65,95
P01642,Producto 1642,38,08
P01643,Producto 1643,83,18
P01644,Producto 1644,90,83
P01645,Producto 1645,91,33
P01646,Producto 1646,2,31
P01647,Producto 1647,30,93
P01648,Producto 1648,57,72
P01649,Producto 1649,59,35
P01650,Producto 1650,31,66
P01651,Producto 1651,95,25
P01652,Producto 1652,64,16
P01653,Producto 1653,100
P01654,Producto 1654,31,39
P01655,Producto 1655,86,48
P01656,Producto 1656,49,46
P01657,Producto 1657,10,25
P01658,Producto 1658,96,5
P01659,Producto 1659,83,76
P01660,Producto 1660,83,76
P01661,Producto 1661,99,37
P01662,Producto 1662,36,23
P01663,Producto 1663,42,51
P01664,Producto 1664,37,81
P01665,Producto 1665,5,85
P01666,Producto 1666,45,58
P01667,Producto 1667,89,12
P01668,Producto 1668,6,95
P01669,Producto 1669,72,68
P01670,Producto 1670,82,2
P01671,Producto 1671,23,55
P01672,Producto 1672,51,27
P01673,Producto 1673,50,21
P01674,Producto 1674,1,77
P01675,Producto 1675,6,57
P01676,Producto 1676,84,42
P01677,Producto 1677,7,81
P01678,Producto 1678,24,57
P01679,Producto 1679,33,44
P01680,Producto 1680,36,33
P01681,Producto 1681,26,01
P01682,Producto 1682,92,84
P01683,Producto 1683,86,23
P01684,Producto 1684,76,21
P01685,Producto 1685,95,48
P01686,Producto 1686,21,45
P01687,Producto 1687,89,52
P01688,Producto 1688,84,02
P01689,Producto 1689,1,57
P01690,Producto 1690,61,64
P01691,Producto 1691,35,61
P01692,Producto 1692,75,67
P01693,Producto 1693,11,36
P01694,Producto 1694,40,74
P01695,Producto 1695,77,67
P01696,Producto 1696,30,72
P01697,Producto 1697,95,57
P01698,Producto 1698,46,37
P01699,Producto 1699,85,97
P01700,Producto 1700,46,75
P01701,Producto 1701,13,19
P01702,Producto 1702,24,98
P01703,Producto 1703,85,04
P01704,Producto 1704,77,16
P01705,Producto 1705,9,11
P01706,Producto 1706,44,98
P01707,Producto 1707,14,95
P01708,Producto 1708,99,23
P01709,Producto 1709,25,82
P01710,Producto 1710,3,07
P01711,Producto 1711,42,65
P01712,Producto 1712,85,68
P01713,Producto 1713,64,06
P01714,Producto 1714,48,43
P01715,Producto 1715,58,75
P01716,Producto 1716,7,53
P01717,Producto 1717,50,01
P01718,Producto 1718,66,3
P01719,Producto 1719,42,33
P01720,Producto 1720,84,4
P01721,Producto 1721,56,06
P01722,Producto 1722,6,1
P01723,Producto 1723,6,39
P01724,Producto 1724,12,03
P01725,Producto 1725,47,58
P01726,Producto 1726,47,88
P01727,Producto 1727,40,91
P01728,Producto 1728,10,47
P01729,Producto 1729,24,09
P01730,Producto 1730,75,85
P01731,Producto 1731,88,84
P01732,Producto 1732,61,44
P01733,Producto 1733,38,6
P01734,Producto 1734,86,69
P01735,Producto 1735,24,14
P01736,Producto 1736,2,02
P01737,Producto 1737,8,79
P01738,Producto 1738,10,07
P01739,Producto 1739,68,1
P01740,Producto 1740,51,5
P01741,Producto 1741,7,5
P01742,Producto 1742,90,3
P01743,Producto 1743,59,2
P01744,Producto 1744,98,5
P01745,Producto 1745,19,99
P01746,Producto 1746,49,93
P01747,Producto 1747,12,61
P01748,Producto 1748,62,93
P01749,Producto 1749,81,99
P01750,Producto 1750,71,14
P01751,Producto 1751,80,72
P01752,Producto 1752,30,28
P01753,Producto 1753,5,05
P01754,Producto 1754,2,58
P01755,Producto 1755,90,69
P01756,Producto 1756,8,09
P01757,Producto 1757,19,6
P01758,Producto 1758,74,01
P01759,Producto 1759,30,57
P01760,Producto 1760,61,23
P01761,Producto 1761,5,07
P01762,Producto 1762,5,48
P01763,Producto 1763,76,13
P01764,Producto 1764,49,96
P01765,Producto 1765,14,23
P01766,Producto 1766,81,21
P01767,Producto 1767,48,08
P01768,Producto 1768,77,37
P01769,Producto 1769,25,3
P01770,Producto 1770,57,73
P01771,Producto 1771,98,74
P01772,Producto 1772,40,94
P01773,Producto 1773,98,2
P01774,Producto 1774,90,82
P01775,Producto 1775,77,9
P01776,Producto 1776,65,76
P01777,Producto 1777,46,9
P01778,Producto 1778,7,89
P01779,Producto 1779,92,04
P01780,Producto 1780,97,65
P01781,Producto 1781,36,26
P01782,Producto 1782,77,98
P01783,Producto 1783,28,48
P01784,Producto 1784,52,95
P01785,Producto 1785,95,14
P01786,Producto 1786,59,57
P01787,Producto 1787,57,39
P01788,Producto 1788,37,02
P01789,Producto 1789,96
P01790,Producto 1790,17,05
P01791,Producto 1791,82,43
P01792,Producto 1792,34,78
P01793,Producto 1793,79,5
P01794,Producto 1794,7,87
P01795,Producto 1795,47,44
P01796,Producto 1796,3,02
P01797,Producto 1797,15,16
P01798,Producto 1798,10,24
P01799,Producto 1799,85,27
P01800,Producto 1800,38,78
P01801,Producto 1801,2,85
P01802,Producto 1802,35,24
P01803,Producto 1803,38,63
P01804,Producto 1804,25,26
P01805,Producto 1805,72,4
P01806,Producto 1806,40,78
P01807,Producto 1807,32,08
P01808,Producto 1808,14,22
P01809,Producto 1809,24,68
P01810,Producto 1810,25,93
P01811,Producto 1811,61,18
P01812,Producto 1812,12,71
P01813,Producto 1813,81,97
P01814,Producto 1814,32,92
P01815,Producto 1815,25,97
P01816,Producto 1816,27,09
P01817,Producto 1817,77,01
P01818,Producto 1818,24,18
P01819,Producto 1819,54,83
P01820,Producto 1820,54,66
P01821,Producto 1821,24,82
P01822,Producto 1822,12,06
P01823,Producto 1823,81,37
P01824,Producto 1824,9,25
P01825,Producto 1825,75,3
P01826,Producto 1826,64,96
P01827,Producto 1827,61,44
P01828,Producto 1828,91,33
P01829,Producto 1829,44,38
P01830,Producto 1830,75,88
P01831,Producto 1831,51,6
P01832,Producto 1832,37,67
P01833,Producto 1833,22,62
P01834,Producto 1834,54,26
P01835,Producto 1835,95,8
P01836,Producto 1836,2,02
P01837,Producto 1837,40,35
P01838,Producto 1838,4,21
P01839,Producto 1839,80,55
P01840,Producto 1840,55,36
P01841,Producto 1841,28,48
P01842,Producto 1842,44,17
P01843,Producto 1843,13,34
P01844,Producto 1844,71,07
P01845,Producto 1845,55,87
P01846,Producto 1846,70,72
P01847,Producto 1847,52,81
P01848,Producto 1848,47,58
P01849,Producto 1849,81,9
P01850,Producto 1850,21,35
P01851,Producto 1851,26,01
P01852,Producto 1852,90,98
P01853,Producto 1853,55,41
P01854,Producto 1854,31,61
P01855,Producto 1855,14,97
P01856,Producto 1856,90,79
P01857,Producto 1857,53,88
P01858,Producto 1858,30,38
P01859,Producto 1859,49,96
P01860,Producto 1860,8,44
P01861,Producto 1861,79,34
P01862,Producto 1862,40,75
P01863,Producto 1863,69,84
P01864,Producto 1864,48,8
P01865,Producto 1865,74,33
P01866,Producto 1866,24,51
P01867,Producto 1867,90,09
P01868,Producto 1868,28,72
P01869,Producto 1869,37,13
P01870,Producto 1870,24,95
P01871,Producto 1871,86,73
P01872,Producto 1872,73,79
P01873,Producto 1873,43,63
P01874,Producto 1874,99,47
P01875,Producto 1875,27,18
P01876,Producto 1876,80,65
P01877,Producto 1877,98,72
P01878,Producto 1878,11,29
P01879,Producto 1879,53,38
P01880,Producto 1880,5,58
P01881,Producto 1881,13,14
P01882,Producto 1882,14,86
P01883,Producto 1883,10,43
P01884,Producto 1884,24,03
P01885,Producto 1885,50,87
P01886,Producto 1886,60,62
P01887,Producto 1887,82,26
P01888,Producto 1888,91,01
P01889,Producto 1889,40,29
P01890,Producto 1890,6
P01891,Producto 1891,48,14
P01892,Producto 1892,10,97
P01893,Producto 1893,54,25
P01894,Producto 1894,73,11
P01895,Producto 1895,76,02
P01896,Producto 1896,87,73
P01897,Producto 1897,74,33
P01898,Producto 1898,64,54
P01899,Producto 1899,96,74
P01900,Producto 1900,32,35
P01901,Producto 1901,80,63
P01902,Producto 1902,25,1
P01903,Producto 1903,11,45
P01904,Producto 1904,57,95
P01905,Producto 1905,34,62
P01906,Producto 1906,52,22
P01907,Producto 1907,48,35
P01908,Producto 1908,55,93
P01909,Producto 1909,5,43
P01910,Producto 1910,34,32
P01911,Producto 1911,92,08
P01912,Producto 1912,43,58
P01913,Producto 1913,77
P01914,Producto 1914,45,38
P01915,Producto 1915,95,3
P01916,Producto 1916,65,48
P01917,Producto 1917,31,32
P01918,Producto 1918,46,81
P01919,Producto 1919,97,94
P01920,Producto 1920,14,71
P01921,Producto 1921,42,25
P01922,Producto 1922,99,08
P01923,Producto 1923,88,43
P01924,Producto 1924,32,12
P01925,Producto 1925,76,81
P01926,Producto 1926,76,77
P01927,Producto 1927,20,54
P01928,Producto 1928,70,53
P01929,Producto 1929,24,46
P01930,Producto 1930,39,45
P01931,Producto 1931,7,32
P01932,Producto 1932,35,18
P01933,Producto 1933,14,55
P01934,Producto 1934,22,03
P01935,Producto 1935,24,96
P01936,Producto 1936,88,04
P01937,Producto 1937,4,41
P01938,Producto 1938,52,48
P01939,Producto 1939,89,42
P01940,Producto 1940,98,65
P01941,Producto 1941,13,28
P01942,Producto 1942,27,33
P01943,Producto 1943,86,57
P01944,Producto 1944,6,96
P01945,Producto 1945,13,93
P01946,Producto 1946,5,56
P01947,Producto 1947,33,97
P01948,Producto 1948,9,87
P01949,Producto 1949,77,8
P01950,Producto 1950,11,54
P01951,Producto 1951,57,41
P01952,Producto 1952,28,52
P01953,Producto 1953,66,6
P01954,Producto 1954,83,04
P01955,Producto 1955,90,1
P01956,Producto 1956,81,54
P01957,Producto 1957,36,67
P01958,Producto 1958,79,33
P01959,Producto 1959,81,14
P01960,Producto 1960,57,85
P01961,Producto 1961,32,67
P01962,Producto 1962,77,82
P01963,Producto 1963,32,48
P01964,Producto 1964,65,99
P01965,Producto 1965,28,01
P01966,Producto 1966,57,9
P01967,Producto 1967,30,03
P01968,Producto 1968,55,97
P01969,Producto 1969,21,42
P01970,Producto 1970,8,26
P01971,Producto 1971,62,06
P01972,Producto 1972,78,84
P01973,Producto 1973,57,39
P01974,Producto 1974,99,29
P01975,Producto 1975,2,43
P01976,Producto 1976,15,92
P01977,Producto 1977,13,51
P01978,Producto 1978,82,46
P01979,Producto 1979,19,2
P01980,Producto 1980,72,25
P01981,Producto 1981,43,8
P01982,Producto 1982,11,67
P01983,Producto 1983,92,72
P01984,Producto 1984,13,91
P01985,Producto 1985,82,04
P01986,Producto 1986,78,8
P01987,Producto 1987,68,57
P01988,Producto 1988,31,52
P01989,Producto 1989,31,93
P01990,Producto 1990,43,41
P01991,Producto 1991,52,37
P01992,Producto 1992,25,09
P01993,Producto 1993,71,35
P01994,Producto 1994,32,57
P01995,Producto 1995,66,98
P01996,Producto 1996,35,46
P01997,Producto 1997,94,85
P01998,Producto 1998,21,59
P01999,Producto 1999,78,96
P02000,Producto 2000,56,03
